"","game_id","team1_id","team1_name","htm","vtm","game_date","team2_id","team2_name"
"1","0022100013","1610612757","Portland Trail Blazers","POR","SAC",2021-10-20,"1610612758","Sacramento Kings"
"2","0022100033","1610612757","Portland Trail Blazers","POR","PHX",2021-10-23,"1610612756","Phoenix Suns"
"3","0022100049","1610612757","Portland Trail Blazers","LAC","POR",2021-10-25,"1610612746","LA Clippers"
"4","0022100063","1610612757","Portland Trail Blazers","POR","MEM",2021-10-27,"1610612763","Memphis Grizzlies"
"5","0022100076","1610612757","Portland Trail Blazers","POR","LAC",2021-10-29,"1610612746","LA Clippers"
"6","0022100090","1610612757","Portland Trail Blazers","CHA","POR",2021-10-31,"1610612766","Charlotte Hornets"
"7","0022100096","1610612757","Portland Trail Blazers","PHI","POR",2021-11-01,"1610612755","Philadelphia 76ers"
"8","0022100108","1610612757","Portland Trail Blazers","CLE","POR",2021-11-03,"1610612739","Cleveland Cavaliers"
"9","0022100131","1610612757","Portland Trail Blazers","POR","IND",2021-11-05,"1610612754","Indiana Pacers"
"10","0022100138","1610612757","Portland Trail Blazers","POR","LAL",2021-11-06,"1610612747","Los Angeles Lakers"
"11","0022100157","1610612757","Portland Trail Blazers","LAC","POR",2021-11-09,"1610612746","LA Clippers"
"12","0022100168","1610612757","Portland Trail Blazers","PHX","POR",2021-11-10,"1610612756","Phoenix Suns"
"13","0022100177","1610612757","Portland Trail Blazers","HOU","POR",2021-11-12,"1610612745","Houston Rockets"
"14","0022100197","1610612757","Portland Trail Blazers","DEN","POR",2021-11-14,"1610612743","Denver Nuggets"
"15","0022100208","1610612757","Portland Trail Blazers","POR","TOR",2021-11-15,"1610612761","Toronto Raptors"
"16","0022100223","1610612757","Portland Trail Blazers","POR","CHI",2021-11-17,"1610612741","Chicago Bulls"
"17","0022100246","1610612757","Portland Trail Blazers","POR","PHI",2021-11-20,"1610612755","Philadelphia 76ers"
"18","0022100265","1610612757","Portland Trail Blazers","POR","DEN",2021-11-23,"1610612743","Denver Nuggets"
"19","0022100279","1610612757","Portland Trail Blazers","SAC","POR",2021-11-24,"1610612758","Sacramento Kings"
"20","0022100290","1610612757","Portland Trail Blazers","GSW","POR",2021-11-26,"1610612744","Golden State Warriors"
"21","0022100312","1610612757","Portland Trail Blazers","UTA","POR",2021-11-29,"1610612762","Utah Jazz"
"22","0022100317","1610612757","Portland Trail Blazers","POR","DET",2021-11-30,"1610612765","Detroit Pistons"
"23","0022100332","1610612757","Portland Trail Blazers","POR","SAS",2021-12-02,"1610612759","San Antonio Spurs"
"24","0022100347","1610612757","Portland Trail Blazers","POR","BOS",2021-12-04,"1610612738","Boston Celtics"
"25","0022100362","1610612757","Portland Trail Blazers","POR","LAC",2021-12-06,"1610612746","LA Clippers"
"26","0022100011","1610612760","Oklahoma City Thunder","UTA","OKC",2021-10-20,"1610612762","Utah Jazz"
"27","0022100023","1610612760","Oklahoma City Thunder","HOU","OKC",2021-10-22,"1610612745","Houston Rockets"
"28","0022100038","1610612760","Oklahoma City Thunder","OKC","PHI",2021-10-24,"1610612755","Philadelphia 76ers"
"29","0022100051","1610612760","Oklahoma City Thunder","OKC","GSW",2021-10-26,"1610612744","Golden State Warriors"
"30","0022100061","1610612760","Oklahoma City Thunder","OKC","LAL",2021-10-27,"1610612747","Los Angeles Lakers"
"31","0022100086","1610612760","Oklahoma City Thunder","GSW","OKC",2021-10-30,"1610612744","Golden State Warriors"
"32","0022100102","1610612760","Oklahoma City Thunder","LAC","OKC",2021-11-01,"1610612746","LA Clippers"
"33","0022100123","1610612760","Oklahoma City Thunder","LAL","OKC",2021-11-04,"1610612747","Los Angeles Lakers"
"34","0022100144","1610612760","Oklahoma City Thunder","OKC","SAS",2021-11-07,"1610612759","San Antonio Spurs"
"35","0022100165","1610612760","Oklahoma City Thunder","NOP","OKC",2021-11-10,"1610612740","New Orleans Pelicans"
"36","0022100180","1610612760","Oklahoma City Thunder","OKC","SAC",2021-11-12,"1610612758","Sacramento Kings"
"37","0022100196","1610612760","Oklahoma City Thunder","OKC","BKN",2021-11-14,"1610612751","Brooklyn Nets"
"38","0022100207","1610612760","Oklahoma City Thunder","OKC","MIA",2021-11-15,"1610612748","Miami Heat"
"39","0022100221","1610612760","Oklahoma City Thunder","OKC","HOU",2021-11-17,"1610612745","Houston Rockets"
"40","0022100234","1610612760","Oklahoma City Thunder","MIL","OKC",2021-11-19,"1610612749","Milwaukee Bucks"
"41","0022100243","1610612760","Oklahoma City Thunder","BOS","OKC",2021-11-20,"1610612738","Boston Celtics"
"42","0022100255","1610612760","Oklahoma City Thunder","ATL","OKC",2021-11-22,"1610612737","Atlanta Hawks"
"43","0022100276","1610612760","Oklahoma City Thunder","OKC","UTA",2021-11-24,"1610612762","Utah Jazz"
"44","0022100286","1610612760","Oklahoma City Thunder","OKC","WAS",2021-11-26,"1610612764","Washington Wizards"
"45","0022100308","1610612760","Oklahoma City Thunder","HOU","OKC",2021-11-29,"1610612745","Houston Rockets"
"46","0022100326","1610612760","Oklahoma City Thunder","OKC","HOU",2021-12-01,"1610612745","Houston Rockets"
"47","0022100330","1610612760","Oklahoma City Thunder","MEM","OKC",2021-12-02,"1610612763","Memphis Grizzlies"
"48","0022100354","1610612760","Oklahoma City Thunder","DET","OKC",2021-12-06,"1610612765","Detroit Pistons"
"49","0022100015","1610612748","Miami Heat","MIA","MIL",2021-10-21,"1610612749","Milwaukee Bucks"
"50","0022100028","1610612748","Miami Heat","IND","MIA",2021-10-23,"1610612754","Indiana Pacers"
"51","0022100045","1610612748","Miami Heat","MIA","ORL",2021-10-25,"1610612753","Orlando Magic"
"52","0022100057","1610612748","Miami Heat","BKN","MIA",2021-10-27,"1610612751","Brooklyn Nets"
"53","0022100073","1610612748","Miami Heat","MIA","CHA",2021-10-29,"1610612766","Charlotte Hornets"
"54","0022100084","1610612748","Miami Heat","MEM","MIA",2021-10-30,"1610612763","Memphis Grizzlies"
"55","0022100104","1610612748","Miami Heat","DAL","MIA",2021-11-02,"1610612742","Dallas Mavericks"
"56","0022100121","1610612748","Miami Heat","MIA","BOS",2021-11-04,"1610612738","Boston Celtics"
"57","0022100134","1610612748","Miami Heat","MIA","UTA",2021-11-06,"1610612762","Utah Jazz"
"58","0022100151","1610612748","Miami Heat","DEN","MIA",2021-11-08,"1610612743","Denver Nuggets"
"59","0022100170","1610612748","Miami Heat","LAL","MIA",2021-11-10,"1610612747","Los Angeles Lakers"
"60","0022100173","1610612748","Miami Heat","LAC","MIA",2021-11-11,"1610612746","LA Clippers"
"61","0022100185","1610612748","Miami Heat","UTA","MIA",2021-11-13,"1610612762","Utah Jazz"
"62","0022100217","1610612748","Miami Heat","MIA","NOP",2021-11-17,"1610612740","New Orleans Pelicans"
"63","0022100225","1610612748","Miami Heat","MIA","WAS",2021-11-18,"1610612764","Washington Wizards"
"64","0022100241","1610612748","Miami Heat","WAS","MIA",2021-11-20,"1610612764","Washington Wizards"
"65","0022100263","1610612748","Miami Heat","DET","MIA",2021-11-23,"1610612765","Detroit Pistons"
"66","0022100274","1610612748","Miami Heat","MIN","MIA",2021-11-24,"1610612750","Minnesota Timberwolves"
"67","0022100296","1610612748","Miami Heat","CHI","MIA",2021-11-27,"1610612741","Chicago Bulls"
"68","0022100306","1610612748","Miami Heat","MIA","DEN",2021-11-29,"1610612743","Denver Nuggets"
"69","0022100323","1610612748","Miami Heat","MIA","CLE",2021-12-01,"1610612739","Cleveland Cavaliers"
"70","0022100333","1610612748","Miami Heat","IND","MIA",2021-12-03,"1610612754","Indiana Pacers"
"71","0022100344","1610612748","Miami Heat","MIL","MIA",2021-12-04,"1610612749","Milwaukee Bucks"
"72","0022100356","1610612748","Miami Heat","MIA","MEM",2021-12-06,"1610612763","Memphis Grizzlies"
"73","0022100010","1610612759","San Antonio Spurs","SAS","ORL",2021-10-20,"1610612753","Orlando Magic"
"74","0022100024","1610612759","San Antonio Spurs","DEN","SAS",2021-10-22,"1610612743","Denver Nuggets"
"75","0022100032","1610612759","San Antonio Spurs","SAS","MIL",2021-10-23,"1610612749","Milwaukee Bucks"
"76","0022100053","1610612759","San Antonio Spurs","SAS","LAL",2021-10-26,"1610612747","Los Angeles Lakers"
"77","0022100069","1610612759","San Antonio Spurs","DAL","SAS",2021-10-28,"1610612742","Dallas Mavericks"
"78","0022100085","1610612759","San Antonio Spurs","MIL","SAS",2021-10-30,"1610612749","Milwaukee Bucks"
"79","0022100095","1610612759","San Antonio Spurs","IND","SAS",2021-11-01,"1610612754","Indiana Pacers"
"80","0022100116","1610612759","San Antonio Spurs","SAS","DAL",2021-11-03,"1610612742","Dallas Mavericks"
"81","0022100125","1610612759","San Antonio Spurs","ORL","SAS",2021-11-05,"1610612753","Orlando Magic"
"82","0022100166","1610612759","San Antonio Spurs","SAS","SAC",2021-11-10,"1610612758","Sacramento Kings"
"83","0022100181","1610612759","San Antonio Spurs","SAS","DAL",2021-11-12,"1610612742","Dallas Mavericks"
"84","0022100192","1610612759","San Antonio Spurs","LAL","SAS",2021-11-14,"1610612747","Los Angeles Lakers"
"85","0022100212","1610612759","San Antonio Spurs","LAC","SAS",2021-11-16,"1610612746","LA Clippers"
"86","0022100227","1610612759","San Antonio Spurs","MIN","SAS",2021-11-18,"1610612750","Minnesota Timberwolves"
"87","0022100260","1610612759","San Antonio Spurs","SAS","PHX",2021-11-22,"1610612756","Phoenix Suns"
"88","0022100277","1610612759","San Antonio Spurs","SAS","ATL",2021-11-24,"1610612737","Atlanta Hawks"
"89","0022100287","1610612759","San Antonio Spurs","SAS","BOS",2021-11-26,"1610612738","Boston Celtics"
"90","0022100311","1610612759","San Antonio Spurs","SAS","WAS",2021-11-29,"1610612764","Washington Wizards"
"91","0022100346","1610612759","San Antonio Spurs","GSW","SAS",2021-12-04,"1610612744","Golden State Warriors"
"92","0022100360","1610612759","San Antonio Spurs","PHX","SAS",2021-12-06,"1610612756","Phoenix Suns"
"93","0022100364","1610612759","San Antonio Spurs","SAS","NYK",2021-12-07,"1610612752","New York Knicks"
"94","0022100009","1610612740","New Orleans Pelicans","NOP","PHI",2021-10-20,"1610612755","Philadelphia 76ers"
"95","0022100022","1610612740","New Orleans Pelicans","CHI","NOP",2021-10-22,"1610612741","Chicago Bulls"
"96","0022100031","1610612740","New Orleans Pelicans","MIN","NOP",2021-10-23,"1610612750","Minnesota Timberwolves"
"97","0022100047","1610612740","New Orleans Pelicans","MIN","NOP",2021-10-25,"1610612750","Minnesota Timberwolves"
"98","0022100059","1610612740","New Orleans Pelicans","NOP","ATL",2021-10-27,"1610612737","Atlanta Hawks"
"99","0022100074","1610612740","New Orleans Pelicans","NOP","SAC",2021-10-29,"1610612758","Sacramento Kings"
"100","0022100080","1610612740","New Orleans Pelicans","NOP","NYK",2021-10-30,"1610612752","New York Knicks"
"101","0022100106","1610612740","New Orleans Pelicans","PHX","NOP",2021-11-02,"1610612756","Phoenix Suns"
"102","0022100118","1610612740","New Orleans Pelicans","SAC","NOP",2021-11-03,"1610612758","Sacramento Kings"
"103","0022100130","1610612740","New Orleans Pelicans","GSW","NOP",2021-11-05,"1610612744","Golden State Warriors"
"104","0022100150","1610612740","New Orleans Pelicans","DAL","NOP",2021-11-08,"1610612742","Dallas Mavericks"
"105","0022100179","1610612740","New Orleans Pelicans","NOP","BKN",2021-11-12,"1610612751","Brooklyn Nets"
"106","0022100188","1610612740","New Orleans Pelicans","NOP","MEM",2021-11-13,"1610612763","Memphis Grizzlies"
"107","0022100201","1610612740","New Orleans Pelicans","WAS","NOP",2021-11-15,"1610612764","Washington Wizards"
"108","0022100235","1610612740","New Orleans Pelicans","NOP","LAC",2021-11-19,"1610612746","LA Clippers"
"109","0022100240","1610612740","New Orleans Pelicans","IND","NOP",2021-11-20,"1610612754","Indiana Pacers"
"110","0022100259","1610612740","New Orleans Pelicans","NOP","MIN",2021-11-22,"1610612750","Minnesota Timberwolves"
"111","0022100275","1610612740","New Orleans Pelicans","NOP","WAS",2021-11-24,"1610612764","Washington Wizards"
"112","0022100289","1610612740","New Orleans Pelicans","UTA","NOP",2021-11-26,"1610612762","Utah Jazz"
"113","0022100299","1610612740","New Orleans Pelicans","UTA","NOP",2021-11-27,"1610612762","Utah Jazz"
"114","0022100313","1610612740","New Orleans Pelicans","LAC","NOP",2021-11-29,"1610612746","LA Clippers"
"115","0022100325","1610612740","New Orleans Pelicans","NOP","DAL",2021-12-01,"1610612742","Dallas Mavericks"
"116","0022100338","1610612740","New Orleans Pelicans","DAL","NOP",2021-12-03,"1610612742","Dallas Mavericks"
"117","0022100352","1610612740","New Orleans Pelicans","HOU","NOP",2021-12-05,"1610612745","Houston Rockets"
"118","0022100007","1610612763","Memphis Grizzlies","MEM","CLE",2021-10-20,"1610612739","Cleveland Cavaliers"
"119","0022100034","1610612763","Memphis Grizzlies","LAC","MEM",2021-10-23,"1610612746","LA Clippers"
"120","0022100040","1610612763","Memphis Grizzlies","LAL","MEM",2021-10-24,"1610612747","Los Angeles Lakers"
"121","0022100070","1610612763","Memphis Grizzlies","GSW","MEM",2021-10-28,"1610612744","Golden State Warriors"
"122","0022100100","1610612763","Memphis Grizzlies","MEM","DEN",2021-11-01,"1610612743","Denver Nuggets"
"123","0022100114","1610612763","Memphis Grizzlies","MEM","DEN",2021-11-03,"1610612743","Denver Nuggets"
"124","0022100126","1610612763","Memphis Grizzlies","WAS","MEM",2021-11-05,"1610612764","Washington Wizards"
"125","0022100149","1610612763","Memphis Grizzlies","MEM","MIN",2021-11-08,"1610612750","Minnesota Timberwolves"
"126","0022100164","1610612763","Memphis Grizzlies","MEM","CHA",2021-11-10,"1610612766","Charlotte Hornets"
"127","0022100178","1610612763","Memphis Grizzlies","MEM","PHX",2021-11-12,"1610612756","Phoenix Suns"
"128","0022100205","1610612763","Memphis Grizzlies","MEM","HOU",2021-11-15,"1610612745","Houston Rockets"
"129","0022100226","1610612763","Memphis Grizzlies","MEM","LAC",2021-11-18,"1610612746","LA Clippers"
"130","0022100245","1610612763","Memphis Grizzlies","MIN","MEM",2021-11-20,"1610612750","Minnesota Timberwolves"
"131","0022100261","1610612763","Memphis Grizzlies","UTA","MEM",2021-11-22,"1610612762","Utah Jazz"
"132","0022100272","1610612763","Memphis Grizzlies","MEM","TOR",2021-11-24,"1610612761","Toronto Raptors"
"133","0022100285","1610612763","Memphis Grizzlies","MEM","ATL",2021-11-26,"1610612737","Atlanta Hawks"
"134","0022100303","1610612763","Memphis Grizzlies","MEM","SAC",2021-11-28,"1610612758","Sacramento Kings"
"135","0022100315","1610612763","Memphis Grizzlies","TOR","MEM",2021-11-30,"1610612761","Toronto Raptors"
"136","0022100345","1610612763","Memphis Grizzlies","DAL","MEM",2021-12-04,"1610612742","Dallas Mavericks"
"137","0022100001","1610612751","Brooklyn Nets","MIL","BKN",2021-10-19,"1610612749","Milwaukee Bucks"
"138","0022100021","1610612751","Brooklyn Nets","PHI","BKN",2021-10-22,"1610612755","Philadelphia 76ers"
"139","0022100035","1610612751","Brooklyn Nets","BKN","CHA",2021-10-24,"1610612766","Charlotte Hornets"
"140","0022100044","1610612751","Brooklyn Nets","BKN","WAS",2021-10-25,"1610612764","Washington Wizards"
"141","0022100072","1610612751","Brooklyn Nets","BKN","IND",2021-10-29,"1610612754","Indiana Pacers"
"142","0022100092","1610612751","Brooklyn Nets","BKN","DET",2021-10-31,"1610612765","Detroit Pistons"
"143","0022100113","1610612751","Brooklyn Nets","BKN","ATL",2021-11-03,"1610612737","Atlanta Hawks"
"144","0022100124","1610612751","Brooklyn Nets","DET","BKN",2021-11-05,"1610612765","Detroit Pistons"
"145","0022100139","1610612751","Brooklyn Nets","TOR","BKN",2021-11-07,"1610612761","Toronto Raptors"
"146","0022100148","1610612751","Brooklyn Nets","CHI","BKN",2021-11-08,"1610612741","Chicago Bulls"
"147","0022100159","1610612751","Brooklyn Nets","ORL","BKN",2021-11-10,"1610612753","Orlando Magic"
"148","0022100210","1610612751","Brooklyn Nets","BKN","GSW",2021-11-16,"1610612744","Golden State Warriors"
"149","0022100216","1610612751","Brooklyn Nets","BKN","CLE",2021-11-17,"1610612739","Cleveland Cavaliers"
"150","0022100233","1610612751","Brooklyn Nets","BKN","ORL",2021-11-19,"1610612753","Orlando Magic"
"151","0022100253","1610612751","Brooklyn Nets","CLE","BKN",2021-11-22,"1610612739","Cleveland Cavaliers"
"152","0022100270","1610612751","Brooklyn Nets","BOS","BKN",2021-11-24,"1610612738","Boston Celtics"
"153","0022100294","1610612751","Brooklyn Nets","BKN","PHX",2021-11-27,"1610612756","Phoenix Suns"
"154","0022100314","1610612751","Brooklyn Nets","BKN","NYK",2021-11-30,"1610612752","New York Knicks"
"155","0022100336","1610612751","Brooklyn Nets","BKN","MIN",2021-12-03,"1610612750","Minnesota Timberwolves"
"156","0022100343","1610612751","Brooklyn Nets","BKN","CHI",2021-12-04,"1610612741","Chicago Bulls"
"157","0022100363","1610612751","Brooklyn Nets","DAL","BKN",2021-12-07,"1610612742","Dallas Mavericks"
"158","0022100018","1610612753","Orlando Magic","ORL","NYK",2021-10-22,"1610612752","New York Knicks"
"159","0022100036","1610612753","Orlando Magic","NYK","ORL",2021-10-24,"1610612752","New York Knicks"
"160","0022100055","1610612753","Orlando Magic","ORL","CHA",2021-10-27,"1610612766","Charlotte Hornets"
"161","0022100071","1610612753","Orlando Magic","TOR","ORL",2021-10-29,"1610612761","Toronto Raptors"
"162","0022100079","1610612753","Orlando Magic","DET","ORL",2021-10-30,"1610612765","Detroit Pistons"
"163","0022100101","1610612753","Orlando Magic","MIN","ORL",2021-11-01,"1610612750","Minnesota Timberwolves"
"164","0022100110","1610612753","Orlando Magic","ORL","BOS",2021-11-03,"1610612738","Boston Celtics"
"165","0022100141","1610612753","Orlando Magic","ORL","UTA",2021-11-07,"1610612762","Utah Jazz"
"166","0022100187","1610612753","Orlando Magic","ORL","WAS",2021-11-13,"1610612764","Washington Wizards"
"167","0022100202","1610612753","Orlando Magic","ATL","ORL",2021-11-15,"1610612737","Atlanta Hawks"
"168","0022100218","1610612753","Orlando Magic","NYK","ORL",2021-11-17,"1610612752","New York Knicks"
"169","0022100244","1610612753","Orlando Magic","MIL","ORL",2021-11-20,"1610612749","Milwaukee Bucks"
"170","0022100258","1610612753","Orlando Magic","MIL","ORL",2021-11-22,"1610612749","Milwaukee Bucks"
"171","0022100269","1610612753","Orlando Magic","ORL","CHA",2021-11-24,"1610612766","Charlotte Hornets"
"172","0022100283","1610612753","Orlando Magic","ORL","CHI",2021-11-26,"1610612741","Chicago Bulls"
"173","0022100295","1610612753","Orlando Magic","CLE","ORL",2021-11-27,"1610612739","Cleveland Cavaliers"
"174","0022100305","1610612753","Orlando Magic","PHI","ORL",2021-11-29,"1610612755","Philadelphia 76ers"
"175","0022100320","1610612753","Orlando Magic","ORL","DEN",2021-12-01,"1610612743","Denver Nuggets"
"176","0022100337","1610612753","Orlando Magic","HOU","ORL",2021-12-03,"1610612745","Houston Rockets"
"177","0022100361","1610612753","Orlando Magic","GSW","ORL",2021-12-06,"1610612744","Golden State Warriors"
"178","0022100042","1610612749","Milwaukee Bucks","IND","MIL",2021-10-25,"1610612754","Indiana Pacers"
"179","0022100060","1610612749","Milwaukee Bucks","MIL","MIN",2021-10-27,"1610612750","Minnesota Timberwolves"
"180","0022100091","1610612749","Milwaukee Bucks","MIL","UTA",2021-10-31,"1610612762","Utah Jazz"
"181","0022100103","1610612749","Milwaukee Bucks","DET","MIL",2021-11-02,"1610612765","Detroit Pistons"
"182","0022100128","1610612749","Milwaukee Bucks","MIL","NYK",2021-11-05,"1610612752","New York Knicks"
"183","0022100142","1610612749","Milwaukee Bucks","WAS","MIL",2021-11-07,"1610612764","Washington Wizards"
"184","0022100155","1610612749","Milwaukee Bucks","PHI","MIL",2021-11-09,"1610612755","Philadelphia 76ers"
"185","0022100161","1610612749","Milwaukee Bucks","NYK","MIL",2021-11-10,"1610612752","New York Knicks"
"186","0022100175","1610612749","Milwaukee Bucks","BOS","MIL",2021-11-12,"1610612738","Boston Celtics"
"187","0022100193","1610612749","Milwaukee Bucks","ATL","MIL",2021-11-14,"1610612737","Atlanta Hawks"
"188","0022100219","1610612749","Milwaukee Bucks","MIL","LAL",2021-11-17,"1610612747","Los Angeles Lakers"
"189","0022100273","1610612749","Milwaukee Bucks","MIL","DET",2021-11-24,"1610612765","Detroit Pistons"
"190","0022100288","1610612749","Milwaukee Bucks","DEN","MIL",2021-11-26,"1610612743","Denver Nuggets"
"191","0022100301","1610612749","Milwaukee Bucks","IND","MIL",2021-11-28,"1610612754","Indiana Pacers"
"192","0022100324","1610612749","Milwaukee Bucks","MIL","CHA",2021-12-01,"1610612766","Charlotte Hornets"
"193","0022100329","1610612749","Milwaukee Bucks","TOR","MIL",2021-12-02,"1610612761","Toronto Raptors"
"194","0022100358","1610612749","Milwaukee Bucks","MIL","CLE",2021-12-06,"1610612739","Cleveland Cavaliers"
"195","0022100002","1610612747","Los Angeles Lakers","LAL","GSW",2021-10-19,"1610612744","Golden State Warriors"
"196","0022100025","1610612747","Los Angeles Lakers","LAL","PHX",2021-10-22,"1610612756","Phoenix Suns"
"197","0022100077","1610612747","Los Angeles Lakers","LAL","CLE",2021-10-29,"1610612739","Cleveland Cavaliers"
"198","0022100093","1610612747","Los Angeles Lakers","LAL","HOU",2021-10-31,"1610612745","Houston Rockets"
"199","0022100107","1610612747","Los Angeles Lakers","LAL","HOU",2021-11-02,"1610612745","Houston Rockets"
"200","0022100154","1610612747","Los Angeles Lakers","LAL","CHA",2021-11-08,"1610612766","Charlotte Hornets"
"201","0022100184","1610612747","Los Angeles Lakers","LAL","MIN",2021-11-12,"1610612750","Minnesota Timberwolves"
"202","0022100209","1610612747","Los Angeles Lakers","LAL","CHI",2021-11-15,"1610612741","Chicago Bulls"
"203","0022100232","1610612747","Los Angeles Lakers","BOS","LAL",2021-11-19,"1610612738","Boston Celtics"
"204","0022100249","1610612747","Los Angeles Lakers","DET","LAL",2021-11-21,"1610612765","Detroit Pistons"
"205","0022100264","1610612747","Los Angeles Lakers","NYK","LAL",2021-11-23,"1610612752","New York Knicks"
"206","0022100268","1610612747","Los Angeles Lakers","IND","LAL",2021-11-24,"1610612754","Indiana Pacers"
"207","0022100291","1610612747","Los Angeles Lakers","LAL","SAC",2021-11-26,"1610612758","Sacramento Kings"
"208","0022100304","1610612747","Los Angeles Lakers","LAL","DET",2021-11-28,"1610612765","Detroit Pistons"
"209","0022100318","1610612747","Los Angeles Lakers","SAC","LAL",2021-11-30,"1610612758","Sacramento Kings"
"210","0022100341","1610612747","Los Angeles Lakers","LAL","LAC",2021-12-03,"1610612746","LA Clippers"
"211","0022100006","1610612761","Toronto Raptors","TOR","WAS",2021-10-20,"1610612764","Washington Wizards"
"212","0022100020","1610612761","Toronto Raptors","BOS","TOR",2021-10-22,"1610612738","Boston Celtics"
"213","0022100029","1610612761","Toronto Raptors","TOR","DAL",2021-10-23,"1610612742","Dallas Mavericks"
"214","0022100046","1610612761","Toronto Raptors","TOR","CHI",2021-10-25,"1610612741","Chicago Bulls"
"215","0022100058","1610612761","Toronto Raptors","TOR","IND",2021-10-27,"1610612754","Indiana Pacers"
"216","0022100081","1610612761","Toronto Raptors","IND","TOR",2021-10-30,"1610612754","Indiana Pacers"
"217","0022100099","1610612761","Toronto Raptors","NYK","TOR",2021-11-01,"1610612752","New York Knicks"
"218","0022100112","1610612761","Toronto Raptors","WAS","TOR",2021-11-03,"1610612764","Washington Wizards"
"219","0022100127","1610612761","Toronto Raptors","TOR","CLE",2021-11-05,"1610612739","Cleveland Cavaliers"
"220","0022100160","1610612761","Toronto Raptors","BOS","TOR",2021-11-10,"1610612738","Boston Celtics"
"221","0022100171","1610612761","Toronto Raptors","PHI","TOR",2021-11-11,"1610612755","Philadelphia 76ers"
"222","0022100189","1610612761","Toronto Raptors","TOR","DET",2021-11-13,"1610612765","Detroit Pistons"
"223","0022100229","1610612761","Toronto Raptors","UTA","TOR",2021-11-18,"1610612762","Utah Jazz"
"224","0022100238","1610612761","Toronto Raptors","SAC","TOR",2021-11-19,"1610612758","Sacramento Kings"
"225","0022100252","1610612761","Toronto Raptors","GSW","TOR",2021-11-21,"1610612744","Golden State Warriors"
"226","0022100284","1610612761","Toronto Raptors","IND","TOR",2021-11-26,"1610612754","Indiana Pacers"
"227","0022100302","1610612761","Toronto Raptors","TOR","BOS",2021-11-28,"1610612738","Boston Celtics"
"228","0022100351","1610612761","Toronto Raptors","TOR","WAS",2021-12-05,"1610612764","Washington Wizards"
"229","0022100004","1610612741","Chicago Bulls","DET","CHI",2021-10-20,"1610612765","Detroit Pistons"
"230","0022100030","1610612741","Chicago Bulls","CHI","DET",2021-10-23,"1610612765","Detroit Pistons"
"231","0022100067","1610612741","Chicago Bulls","CHI","NYK",2021-10-28,"1610612752","New York Knicks"
"232","0022100083","1610612741","Chicago Bulls","CHI","UTA",2021-10-30,"1610612762","Utah Jazz"
"233","0022100098","1610612741","Chicago Bulls","BOS","CHI",2021-11-01,"1610612738","Boston Celtics"
"234","0022100111","1610612741","Chicago Bulls","PHI","CHI",2021-11-03,"1610612755","Philadelphia 76ers"
"235","0022100135","1610612741","Chicago Bulls","CHI","PHI",2021-11-06,"1610612755","Philadelphia 76ers"
"236","0022100163","1610612741","Chicago Bulls","CHI","DAL",2021-11-10,"1610612742","Dallas Mavericks"
"237","0022100183","1610612741","Chicago Bulls","GSW","CHI",2021-11-12,"1610612744","Golden State Warriors"
"238","0022100198","1610612741","Chicago Bulls","LAC","CHI",2021-11-14,"1610612746","LA Clippers"
"239","0022100236","1610612741","Chicago Bulls","DEN","CHI",2021-11-19,"1610612743","Denver Nuggets"
"240","0022100250","1610612741","Chicago Bulls","CHI","NYK",2021-11-21,"1610612752","New York Knicks"
"241","0022100257","1610612741","Chicago Bulls","CHI","IND",2021-11-22,"1610612754","Indiana Pacers"
"242","0022100271","1610612741","Chicago Bulls","HOU","CHI",2021-11-24,"1610612745","Houston Rockets"
"243","0022100307","1610612741","Chicago Bulls","CHI","CHA",2021-11-29,"1610612766","Charlotte Hornets"
"244","0022100328","1610612741","Chicago Bulls","NYK","CHI",2021-12-02,"1610612752","New York Knicks"
"245","0022100357","1610612741","Chicago Bulls","CHI","DEN",2021-12-06,"1610612743","Denver Nuggets"
"246","0022100012","1610612756","Phoenix Suns","PHX","DEN",2021-10-20,"1610612743","Denver Nuggets"
"247","0022100062","1610612756","Phoenix Suns","PHX","SAC",2021-10-27,"1610612758","Sacramento Kings"
"248","0022100088","1610612756","Phoenix Suns","PHX","CLE",2021-10-30,"1610612739","Cleveland Cavaliers"
"249","0022100122","1610612756","Phoenix Suns","PHX","HOU",2021-11-04,"1610612745","Houston Rockets"
"250","0022100137","1610612756","Phoenix Suns","PHX","ATL",2021-11-06,"1610612737","Atlanta Hawks"
"251","0022100153","1610612756","Phoenix Suns","SAC","PHX",2021-11-08,"1610612758","Sacramento Kings"
"252","0022100195","1610612756","Phoenix Suns","HOU","PHX",2021-11-14,"1610612745","Houston Rockets"
"253","0022100206","1610612756","Phoenix Suns","MIN","PHX",2021-11-15,"1610612750","Minnesota Timberwolves"
"254","0022100222","1610612756","Phoenix Suns","PHX","DAL",2021-11-17,"1610612742","Dallas Mavericks"
"255","0022100237","1610612756","Phoenix Suns","PHX","DAL",2021-11-19,"1610612742","Dallas Mavericks"
"256","0022100251","1610612756","Phoenix Suns","PHX","DEN",2021-11-21,"1610612743","Denver Nuggets"
"257","0022100267","1610612756","Phoenix Suns","CLE","PHX",2021-11-24,"1610612739","Cleveland Cavaliers"
"258","0022100282","1610612756","Phoenix Suns","NYK","PHX",2021-11-26,"1610612752","New York Knicks"
"259","0022100316","1610612756","Phoenix Suns","PHX","GSW",2021-11-30,"1610612744","Golden State Warriors"
"260","0022100331","1610612756","Phoenix Suns","PHX","DET",2021-12-02,"1610612765","Detroit Pistons"
"261","0022100340","1610612756","Phoenix Suns","GSW","PHX",2021-12-03,"1610612744","Golden State Warriors"
"262","0022100003","1610612766","Charlotte Hornets","CHA","IND",2021-10-20,"1610612754","Indiana Pacers"
"263","0022100017","1610612766","Charlotte Hornets","CLE","CHA",2021-10-22,"1610612739","Cleveland Cavaliers"
"264","0022100041","1610612766","Charlotte Hornets","CHA","BOS",2021-10-25,"1610612738","Boston Celtics"
"265","0022100094","1610612766","Charlotte Hornets","CHA","CLE",2021-11-01,"1610612739","Cleveland Cavaliers"
"266","0022100117","1610612766","Charlotte Hornets","GSW","CHA",2021-11-03,"1610612744","Golden State Warriors"
"267","0022100132","1610612766","Charlotte Hornets","SAC","CHA",2021-11-05,"1610612758","Sacramento Kings"
"268","0022100146","1610612766","Charlotte Hornets","LAC","CHA",2021-11-07,"1610612746","LA Clippers"
"269","0022100174","1610612766","Charlotte Hornets","CHA","NYK",2021-11-12,"1610612752","New York Knicks"
"270","0022100194","1610612766","Charlotte Hornets","CHA","GSW",2021-11-14,"1610612744","Golden State Warriors"
"271","0022100213","1610612766","Charlotte Hornets","CHA","WAS",2021-11-17,"1610612764","Washington Wizards"
"272","0022100230","1610612766","Charlotte Hornets","CHA","IND",2021-11-19,"1610612754","Indiana Pacers"
"273","0022100242","1610612766","Charlotte Hornets","ATL","CHA",2021-11-20,"1610612737","Atlanta Hawks"
"274","0022100254","1610612766","Charlotte Hornets","WAS","CHA",2021-11-22,"1610612764","Washington Wizards"
"275","0022100281","1610612766","Charlotte Hornets","CHA","MIN",2021-11-26,"1610612750","Minnesota Timberwolves"
"276","0022100297","1610612766","Charlotte Hornets","HOU","CHA",2021-11-27,"1610612745","Houston Rockets"
"277","0022100350","1610612766","Charlotte Hornets","ATL","CHA",2021-12-05,"1610612737","Atlanta Hawks"
"278","0022100353","1610612766","Charlotte Hornets","CHA","PHI",2021-12-06,"1610612755","Philadelphia 76ers"
"279","0022100026","1610612758","Sacramento Kings","SAC","UTA",2021-10-22,"1610612762","Utah Jazz"
"280","0022100039","1610612758","Sacramento Kings","SAC","GSW",2021-10-24,"1610612744","Golden State Warriors"
"281","0022100089","1610612758","Sacramento Kings","DAL","SAC",2021-10-31,"1610612742","Dallas Mavericks"
"282","0022100105","1610612758","Sacramento Kings","UTA","SAC",2021-11-02,"1610612762","Utah Jazz"
"283","0022100143","1610612758","Sacramento Kings","SAC","IND",2021-11-07,"1610612754","Indiana Pacers"
"284","0022100200","1610612758","Sacramento Kings","DET","SAC",2021-11-15,"1610612765","Detroit Pistons"
"285","0022100220","1610612758","Sacramento Kings","MIN","SAC",2021-11-17,"1610612750","Minnesota Timberwolves"
"286","0022100247","1610612758","Sacramento Kings","SAC","UTA",2021-11-20,"1610612762","Utah Jazz"
"287","0022100262","1610612758","Sacramento Kings","SAC","PHI",2021-11-22,"1610612755","Philadelphia 76ers"
"288","0022100327","1610612758","Sacramento Kings","LAC","SAC",2021-12-01,"1610612746","LA Clippers"
"289","0022100348","1610612758","Sacramento Kings","SAC","LAC",2021-12-04,"1610612746","LA Clippers"
"290","0022100014","1610612742","Dallas Mavericks","ATL","DAL",2021-10-21,"1610612737","Atlanta Hawks"
"291","0022100052","1610612742","Dallas Mavericks","DAL","HOU",2021-10-26,"1610612745","Houston Rockets"
"292","0022100075","1610612742","Dallas Mavericks","DEN","DAL",2021-10-29,"1610612743","Denver Nuggets"
"293","0022100136","1610612742","Dallas Mavericks","DAL","BOS",2021-11-06,"1610612738","Boston Celtics"
"294","0022100204","1610612742","Dallas Mavericks","DAL","DEN",2021-11-15,"1610612743","Denver Nuggets"
"295","0022100248","1610612742","Dallas Mavericks","LAC","DAL",2021-11-21,"1610612746","LA Clippers"
"296","0022100266","1610612742","Dallas Mavericks","LAC","DAL",2021-11-23,"1610612746","LA Clippers"
"297","0022100298","1610612742","Dallas Mavericks","DAL","WAS",2021-11-27,"1610612764","Washington Wizards"
"298","0022100310","1610612742","Dallas Mavericks","DAL","CLE",2021-11-29,"1610612739","Cleveland Cavaliers"
"299","0022100005","1610612752","New York Knicks","NYK","BOS",2021-10-20,"1610612738","Boston Celtics"
"300","0022100050","1610612752","New York Knicks","NYK","PHI",2021-10-26,"1610612755","Philadelphia 76ers"
"301","0022100109","1610612752","New York Knicks","IND","NYK",2021-11-03,"1610612754","Indiana Pacers"
"302","0022100140","1610612752","New York Knicks","NYK","CLE",2021-11-07,"1610612739","Cleveland Cavaliers"
"303","0022100147","1610612752","New York Knicks","PHI","NYK",2021-11-08,"1610612755","Philadelphia 76ers"
"304","0022100203","1610612752","New York Knicks","NYK","IND",2021-11-15,"1610612754","Indiana Pacers"
"305","0022100239","1610612752","New York Knicks","NYK","HOU",2021-11-20,"1610612745","Houston Rockets"
"306","0022100293","1610612752","New York Knicks","ATL","NYK",2021-11-27,"1610612737","Atlanta Hawks"
"307","0022100342","1610612752","New York Knicks","NYK","DEN",2021-12-04,"1610612743","Denver Nuggets"
"308","0022100048","1610612743","Denver Nuggets","DEN","CLE",2021-10-25,"1610612739","Cleveland Cavaliers"
"309","0022100054","1610612743","Denver Nuggets","UTA","DEN",2021-10-26,"1610612762","Utah Jazz"
"310","0022100087","1610612743","Denver Nuggets","MIN","DEN",2021-10-30,"1610612750","Minnesota Timberwolves"
"311","0022100133","1610612743","Denver Nuggets","DEN","HOU",2021-11-06,"1610612745","Houston Rockets"
"312","0022100167","1610612743","Denver Nuggets","DEN","IND",2021-11-10,"1610612754","Indiana Pacers"
"313","0022100182","1610612743","Denver Nuggets","DEN","ATL",2021-11-12,"1610612737","Atlanta Hawks"
"314","0022100228","1610612743","Denver Nuggets","DEN","PHI",2021-11-18,"1610612755","Philadelphia 76ers"
"315","0022100019","1610612764","Washington Wizards","WAS","IND",2021-10-22,"1610612754","Indiana Pacers"
"316","0022100056","1610612764","Washington Wizards","BOS","WAS",2021-10-27,"1610612738","Boston Celtics"
"317","0022100066","1610612764","Washington Wizards","WAS","ATL",2021-10-28,"1610612737","Atlanta Hawks"
"318","0022100078","1610612764","Washington Wizards","WAS","BOS",2021-10-30,"1610612738","Boston Celtics"
"319","0022100097","1610612764","Washington Wizards","ATL","WAS",2021-11-01,"1610612737","Atlanta Hawks"
"320","0022100158","1610612764","Washington Wizards","CLE","WAS",2021-11-10,"1610612739","Cleveland Cavaliers"
"321","0022100321","1610612764","Washington Wizards","WAS","MIN",2021-12-01,"1610612750","Minnesota Timberwolves"
"322","0022100334","1610612764","Washington Wizards","WAS","CLE",2021-12-03,"1610612739","Cleveland Cavaliers"
"323","0022100355","1610612764","Washington Wizards","IND","WAS",2021-12-06,"1610612754","Indiana Pacers"
"324","0022100008","1610612750","Minnesota Timberwolves","MIN","HOU",2021-10-20,"1610612745","Houston Rockets"
"325","0022100115","1610612750","Minnesota Timberwolves","MIN","LAC",2021-11-03,"1610612746","LA Clippers"
"326","0022100129","1610612750","Minnesota Timberwolves","MIN","LAC",2021-11-05,"1610612746","LA Clippers"
"327","0022100169","1610612750","Minnesota Timberwolves","GSW","MIN",2021-11-10,"1610612744","Golden State Warriors"
"328","0022100191","1610612750","Minnesota Timberwolves","LAC","MIN",2021-11-13,"1610612746","LA Clippers"
"329","0022100292","1610612750","Minnesota Timberwolves","PHI","MIN",2021-11-27,"1610612755","Philadelphia 76ers"
"330","0022100309","1610612750","Minnesota Timberwolves","MIN","IND",2021-11-29,"1610612754","Indiana Pacers"
"331","0022100359","1610612750","Minnesota Timberwolves","MIN","ATL",2021-12-06,"1610612737","Atlanta Hawks"
"332","0022100027","1610612739","Cleveland Cavaliers","CLE","ATL",2021-10-23,"1610612737","Atlanta Hawks"
"333","0022100064","1610612739","Cleveland Cavaliers","LAC","CLE",2021-10-27,"1610612746","LA Clippers"
"334","0022100176","1610612739","Cleveland Cavaliers","CLE","DET",2021-11-12,"1610612765","Detroit Pistons"
"335","0022100190","1610612739","Cleveland Cavaliers","CLE","BOS",2021-11-13,"1610612738","Boston Celtics"
"336","0022100199","1610612739","Cleveland Cavaliers","CLE","BOS",2021-11-15,"1610612738","Boston Celtics"
"337","0022100224","1610612739","Cleveland Cavaliers","CLE","GSW",2021-11-18,"1610612744","Golden State Warriors"
"338","0022100349","1610612739","Cleveland Cavaliers","CLE","UTA",2021-12-05,"1610612762","Utah Jazz"
"339","0022100043","1610612737","Atlanta Hawks","ATL","DET",2021-10-25,"1610612765","Detroit Pistons"
"340","0022100082","1610612737","Atlanta Hawks","PHI","ATL",2021-10-30,"1610612755","Philadelphia 76ers"
"341","0022100120","1610612737","Atlanta Hawks","ATL","UTA",2021-11-04,"1610612762","Utah Jazz"
"342","0022100152","1610612737","Atlanta Hawks","GSW","ATL",2021-11-08,"1610612744","Golden State Warriors"
"343","0022100156","1610612737","Atlanta Hawks","UTA","ATL",2021-11-09,"1610612762","Utah Jazz"
"344","0022100215","1610612737","Atlanta Hawks","ATL","BOS",2021-11-17,"1610612738","Boston Celtics"
"345","0022100319","1610612737","Atlanta Hawks","IND","ATL",2021-12-01,"1610612754","Indiana Pacers"
"346","0022100335","1610612737","Atlanta Hawks","ATL","PHI",2021-12-03,"1610612755","Philadelphia 76ers"
"347","0022100016","1610612746","LA Clippers","GSW","LAC",2021-10-21,"1610612744","Golden State Warriors"
"348","0022100280","1610612746","LA Clippers","LAC","DET",2021-11-26,"1610612765","Detroit Pistons"
"349","0022100300","1610612746","LA Clippers","LAC","GSW",2021-11-28,"1610612744","Golden State Warriors"
"350","0022100172","1610612754","Indiana Pacers","UTA","IND",2021-11-11,"1610612762","Utah Jazz"
"351","0022100186","1610612754","Indiana Pacers","IND","PHI",2021-11-13,"1610612755","Philadelphia 76ers"
"352","0022100214","1610612754","Indiana Pacers","DET","IND",2021-11-17,"1610612765","Detroit Pistons"
"353","0022100068","1610612762","Utah Jazz","HOU","UTA",2021-10-28,"1610612745","Houston Rockets"
"354","0022100211","1610612762","Utah Jazz","UTA","PHI",2021-11-16,"1610612755","Philadelphia 76ers"
"355","0022100339","1610612762","Utah Jazz","UTA","BOS",2021-12-03,"1610612738","Boston Celtics"
"356","0022100065","1610612765","Detroit Pistons","PHI","DET",2021-10-28,"1610612755","Philadelphia 76ers"
"357","0022100119","1610612765","Detroit Pistons","DET","PHI",2021-11-04,"1610612755","Philadelphia 76ers"
"358","0022100162","1610612765","Detroit Pistons","HOU","DET",2021-11-10,"1610612745","Houston Rockets"
"359","0022100231","1610612765","Detroit Pistons","DET","GSW",2021-11-19,"1610612744","Golden State Warriors"
"360","0022100145","1610612744","Golden State Warriors","GSW","HOU",2021-11-07,"1610612745","Houston Rockets"
"361","0022100278","1610612744","Golden State Warriors","GSW","PHI",2021-11-24,"1610612755","Philadelphia 76ers"
"362","0022100322","1610612755","Philadelphia 76ers","BOS","PHI",2021-12-01,"1610612738","Boston Celtics"
"363","0022100037","1610612738","Boston Celtics","HOU","BOS",2021-10-24,"1610612745","Houston Rockets"
"364","0022100256","1610612738","Boston Celtics","BOS","HOU",2021-11-22,"1610612745","Houston Rockets"
